artistId,id,url,palette
Capricciosa,1004119,http://static.colourlovers.com/images/patterns/1004/1004119.png,C0B698 647E37 300013 6E9A81 EBE3CA
Capricciosa,1023086,http://static.colourlovers.com/images/patterns/1023/1023086.png,B0C46F FFFFFF 89B482 1A3C16 CD2D21
earlgrey,1057496,http://static.colourlovers.com/images/patterns/1057/1057496.png,F8F6F5 F1E1D2 DFCDC9 C8A6B4 16054A
technicolorrr,1074,http://static.colourlovers.com/images/patterns/1/1074.png,207791 115A70 0C4863 083A52 022B3B
sugar!,1095007,http://static.colourlovers.com/images/patterns/1095/1095007.png,78937C B7BD8D F3BE84 F5825F C62D3C
Capricciosa,1099066,http://static.colourlovers.com/images/patterns/1099/1099066.png,EEDDCB D3787B BDAC50 BDD1BD 63674B
Capricciosa,1117506,http://static.colourlovers.com/images/patterns/1117/1117506.png,000000 E9D19A C2BD9A 768880 411638
technicolorrr,115617,http://static.colourlovers.com/images/patterns/115/115617.png,542B4F BFB08E 946572 98A356 377D48
earlgrey,1170557,http://static.colourlovers.com/images/patterns/1170/1170557.png,87B091 C4D4AB E0E0B6 171430 EFF0D5
earlgrey,1238728,http://static.colourlovers.com/images/patterns/1238/1238728.png,E3DEAC FCE695 FFD17D FFB282 FF9782
eighthmuse,12400,http://static.colourlovers.com/images/patterns/12/12400.png,9E6A6A 5E3A43 78505A FAE5C8 DBA49C
technicolorrr,1248934,http://static.colourlovers.com/images/patterns/1248/1248934.png,B59DA5 8F738A 614A62 392A3E 1F182A
technicolorrr,1248976,http://static.colourlovers.com/images/patterns/1248/1248976.png,F9F6DB A7D0CE DDCBA0 85A699 3B4A54
chelliebellie,128132,http://static.colourlovers.com/images/patterns/128/128132.png,E25B39 D6DE66 FFF9C7 555C1F FFE082
chelliebellie,128155,http://static.colourlovers.com/images/patterns/128/128155.png,E25B39 555C1F D6DE66 FFF9C7 FFE082
iambu,1290677,http://static.colourlovers.com/images/patterns/1290/1290677.png,F7D4D0 DFB8B1 F9BCBB BE9B95 C99393
earlgrey,1315140,http://static.colourlovers.com/images/patterns/1315/1315140.png,E6C393 B4BEA6 94827E 6B4646 54211D
Capricciosa,1318871,http://static.colourlovers.com/images/patterns/1318/1318871.png,F3C6A3 E17722 286459 9DAE5C 382129
earlgrey,1336445,http://static.colourlovers.com/images/patterns/1336/1336445.png,F3C860 D4C985 B8C288 EBE2AF 373217
eighthmuse,13728,http://static.colourlovers.com/images/patterns/13/13728.png,DAEFF2 89C7D6 7CB7CC 7EAFBD C5DADE
technicolorrr,140134,http://static.colourlovers.com/images/patterns/140/140134.png,5E4858 A4A5B3 847687 F0D2C0 CEDED9
technicolorrr,14201,http://static.colourlovers.com/images/patterns/14/14201.png,B3AF9F 948576 855656 A5B88D 627480
technicolorrr,145090,http://static.colourlovers.com/images/patterns/145/145090.png,694B5C 6C876C 9EB094 B56262 91505D
Capricciosa,1451050,http://static.colourlovers.com/images/patterns/1451/1451050.png,9EB8AB D9793F 545A74 C6A997 F9F1A8
earlgrey,1467122,http://static.colourlovers.com/images/patterns/1467/1467122.png,ADAD8E DB6516 EDA011 E1C78C 7A6949
earlgrey,1467274,http://static.colourlovers.com/images/patterns/1467/1467274.png,E3DEAC FCE695 FFD17D FFB282 FF9782
earlgrey,1468857,http://static.colourlovers.com/images/patterns/1468/1468857.png,B1C4C6 C3E0DD CBA78D FEE7B1 887B84
earlgrey,1468868,http://static.colourlovers.com/images/patterns/1468/1468868.png,FFE9BD 531931 E6A673 F6DC89 812939
earlgrey,1471351,http://static.colourlovers.com/images/patterns/1471/1471351.png,F2DACD E5BDA4 FAB7A5 FA8D8B AA757D
technicolorrr,147566,http://static.colourlovers.com/images/patterns/147/147566.png,304848 D8D8A8 A8C0A8 A8C090 789078
iambu,1480571,http://static.colourlovers.com/images/patterns/1480/1480571.png,291B1A 36272C 935E50 E99356 F4B071
Tzadkiel,1506986,http://static.colourlovers.com/images/patterns/1506/1506986.png,F8EDD1 D88A8A C5CFC6 9D9D93 474843
Tzadkiel,1506992,http://static.colourlovers.com/images/patterns/1506/1506992.png,F8EDD1 D88A8A 474843 9D9D93 C5CFC6
Capricciosa,1534382,http://static.colourlovers.com/images/patterns/1534/1534382.png,4D0C15 61464F 59A598 A1E1B6 FFFFFF
777,15651,http://static.colourlovers.com/images/patterns/15/15651.png,50351D 757160 B4BABD 302F28 013B45
earlgrey,1590962,http://static.colourlovers.com/images/patterns/1590/1590962.png,151C24 C32B29 403030 5E362F EBB0A0
earlgrey,1595150,http://static.colourlovers.com/images/patterns/1595/1595150.png,87B091 C4D4AB E0E0B6 171430 EFF0D5
Tzadkiel,1618805,http://static.colourlovers.com/images/patterns/1618/1618805.png,8AA5A1 BECAA3 B37255 8B3D32 421415
surpriseice,1687849,http://static.colourlovers.com/images/patterns/1687/1687849.png,C2A384 FFD166 CF5B5B 874250 3A1E40
technicolorrr,168920,http://static.colourlovers.com/images/patterns/168/168920.png,471E39 604860 787878 A8A890 D8C0A8
technicolorrr,169498,http://static.colourlovers.com/images/patterns/169/169498.png,A84848 D87860 306060 609078 181830
technicolorrr,17548,http://static.colourlovers.com/images/patterns/17/17548.png,A19775 591919 8F6440 30041A 0F0012
earlgrey,1772713,http://static.colourlovers.com/images/patterns/1772/1772713.png,AAADA6 CBD5CD A28A5E FFF6C3
surpriseice,1798882,http://static.colourlovers.com/images/patterns/1798/1798882.png,1C3A44 493335 B74837 DE9D2C E6D7C1
GabsGiggles,1847681,http://static.colourlovers.com/images/patterns/1847/1847681.png,F8F4D7 F4DEC2 F2B4A7 F4B36C E98976
earlgrey,1874205,http://static.colourlovers.com/images/patterns/1874/1874205.png,E1D6B2 C99D87 B84351 0D040B FCFCCE
earlgrey,1879321,http://static.colourlovers.com/images/patterns/1879/1879321.png,EEE4CC F2AC89 E1DFA5 E4C891 F7897D
earlgrey,1897867,http://static.colourlovers.com/images/patterns/1897/1897867.png,FFFADB C9C39B 285F6A 3A314D 693A5A
earlgrey,1898551,http://static.colourlovers.com/images/patterns/1898/1898551.png,FB8BA4 D9879E C0AEAA 8F737F 19373F
GabsGiggles,1936637,http://static.colourlovers.com/images/patterns/1936/1936637.png,977E77 EFAE54 DBDA97 4B1D37 EF6771
shsh,1942029,http://static.colourlovers.com/images/patterns/1942/1942029.png,392A28 857573 D9D4BB E35C5B ED9C8E
earlgrey,1942598,http://static.colourlovers.com/images/patterns/1942/1942598.png,E7E1B9 D4DABA AFDAC5 8591A0 5A5463
earlgrey,1961599,http://static.colourlovers.com/images/patterns/1961/1961599.png,F9E4C5 EAE4C4 E2BD90 F07A76 C88575
earlgrey,1979594,http://static.colourlovers.com/images/patterns/1979/1979594.png,D4CEC9 F0E6DA B38F8C 963529
shsh,2004949,http://static.colourlovers.com/images/patterns/2004/2004949.png,FADDC2 D08D8A 83AB99 C7605E 993D32
shsh,2005088,http://static.colourlovers.com/images/patterns/2005/2005088.png,B99481 B06640 F1D8B2 7B512E 4E3426
earlgrey,2007304,http://static.colourlovers.com/images/patterns/2007/2007304.png,D3C8B4 EECAB1 FE6C63 D4F1DB 240910
earlgrey,2012929,http://static.colourlovers.com/images/patterns/2012/2012929.png,FADDB4 F4C790 BA6868 F2977E 402B30
Capricciosa,2035332,http://static.colourlovers.com/images/patterns/2035/2035332.png,809D7E 030001 390E1B F3C37B BC5133
sugar!,205717,http://static.colourlovers.com/images/patterns/205/205717.png,8BB59D B4E398 96D18C E9FFC7 DBFFA6
Tzadkiel,2068559,http://static.colourlovers.com/images/patterns/2068/2068559.png,4A0C2D 692849 AD5775 E39F96 F9C39F
chelliebellie,2099876,http://static.colourlovers.com/images/patterns/2099/2099876.png,BEC7A8 8D7D73 B5AD97 E8E8A3 DCC674
chelliebellie,2099914,http://static.colourlovers.com/images/patterns/2099/2099914.png,797573 F4D8B7 F37E82 D2D3B9 734C4D
chelliebellie,2100013,http://static.colourlovers.com/images/patterns/2100/2100013.png,797573 734C4D D2D3B9 F4D8B7 F37E82
chelliebellie,2105307,http://static.colourlovers.com/images/patterns/2105/2105307.png,EEF0DA D7E0A7 092032 05121A 05090A
chelliebellie,2105321,http://static.colourlovers.com/images/patterns/2105/2105321.png,FDEADB DFB47F 998D75 869B5A 618054
sugar!,213134,http://static.colourlovers.com/images/patterns/213/213134.png,B4E1A2 418283 72BBA3 2A4A53 201D2D
shsh,214731,http://static.colourlovers.com/images/patterns/214/214731.png,E9DEB0 482C21 A73E2B 2F615E D07E0E
shsh,214990,http://static.colourlovers.com/images/patterns/214/214990.png,505958 6DA396 AEBFA1 CED980 FF8940
chelliebellie,2173127,http://static.colourlovers.com/images/patterns/2173/2173127.png,4F6E75 B6D0D6 50808C 97C5D1 D2D7D9
sugar!,220076,http://static.colourlovers.com/images/patterns/220/220076.png,DD2640 F05535 F9A973 F5E09E 69AFA8
earlgrey,2290455,http://static.colourlovers.com/images/patterns/2290/2290455.png,E7E4D5 C84648 FFF3DB D3C8B4 703E3B
technicolorrr,229530,http://static.colourlovers.com/images/patterns/229/229530.png,6B3647 360727 914E4E 915D4E 94856C
eighthmuse,23148,http://static.colourlovers.com/images/patterns/23/23148.png,F7E7A1 F7F3D7 9FC49F 86B8AF 7797A6
shsh,237252,http://static.colourlovers.com/images/patterns/237/237252.png,BBB997 577874 A35C37 70A389 9E9A4F
surpriseice,2385159,http://static.colourlovers.com/images/patterns/2385/2385159.png,837E78 EEEEEE DCE0DF C1D2CC A1C9C8
earlgrey,2411304,http://static.colourlovers.com/images/patterns/2411/2411304.png,EED7C5 CCCCBB 9EC4BB F7DECE 2D2E2C
shsh,243057,http://static.colourlovers.com/images/patterns/243/243057.png,803B2D 412F2B AC622E A1AB55 7A8D72
sugar!,244168,http://static.colourlovers.com/images/patterns/244/244168.png,2D2D29 215A6D 3CA2A2 92C7A3 DFECE6
sugar!,244838,http://static.colourlovers.com/images/patterns/244/244838.png,2D2D29 215A6D 3CA2A2 92C7A3 DFECE6
Tzadkiel,2486275,http://static.colourlovers.com/images/patterns/2486/2486275.png,E2DC9E 884A61 502540 83B091 000007
Tzadkiel,2487277,http://static.colourlovers.com/images/patterns/2487/2487277.png,E2DC9E 884A61 502540 000007 83B091
Tzadkiel,2487280,http://static.colourlovers.com/images/patterns/2487/2487280.png,2E6681 607B96 CD839C E5B99C F8E088
Tzadkiel,2487521,http://static.colourlovers.com/images/patterns/2487/2487521.png,FBC599 CDBB93 9EAE8A F35F55 335650
eighthmuse,25003,http://static.colourlovers.com/images/patterns/25/25003.png,D0DEAB F7F6EB F7D8CB FFE1C5 FFB3B3
eighthmuse,25021,http://static.colourlovers.com/images/patterns/25/25021.png,FF8F8F FFAA99 FCFCD2 CDDBB4 92B88C
technicolorrr,25023,http://static.colourlovers.com/images/patterns/25/25023.png,607860 004848 A89078 601830 784848
sugar!,251004,http://static.colourlovers.com/images/patterns/251/251004.png,8CAEB3 C5C7B5 FFDDB2 FFBA71 FF8148
shsh,2547404,http://static.colourlovers.com/images/patterns/2547/2547404.png,E0E7CA 8ADECF 60425D D88A20 69778D
shsh,2547407,http://static.colourlovers.com/images/patterns/2547/2547407.png,271720 4F2A38 D12029 DB8B75 7F223D
shsh,2547413,http://static.colourlovers.com/images/patterns/2547/2547413.png,271720 DB8B75 4F2A38 7F223D D12029
shsh,2547420,http://static.colourlovers.com/images/patterns/2547/2547420.png,7F6A52 D94011 310C16 BAB09D 49271C
shsh,2547425,http://static.colourlovers.com/images/patterns/2547/2547425.png,A19F98 DFC6AC FD5C83
shsh,254877,http://static.colourlovers.com/images/patterns/254/254877.png,666151 ADBD33 999E72 CC7C3B C25C3A
shsh,2554811,http://static.colourlovers.com/images/patterns/2554/2554811.png,482C21 A73E2B D07E0E E9DEB0 2F615E
shsh,2554814,http://static.colourlovers.com/images/patterns/2554/2554814.png,254251 5E746F A2B090 D94745 AB837A
shsh,2555038,http://static.colourlovers.com/images/patterns/2555/2555038.png,EAD1C2 DB903D AD2220 DF6659 80CBD1
shsh,2557034,http://static.colourlovers.com/images/patterns/2557/2557034.png,B8A879 87712F 45201E 5D857D FF0F53
shsh,2610615,http://static.colourlovers.com/images/patterns/2610/2610615.png,E4FBEC 91E3CF 7EA7A3 756670 DEE3C6
shsh,2610623,http://static.colourlovers.com/images/patterns/2610/2610623.png,937B85 423447 F7E2CA ECA1A0 24162A
shsh,2610645,http://static.colourlovers.com/images/patterns/2610/2610645.png,FADDC2 D08D8A 83AB99 C7605E 993D32
earlgrey,2730014,http://static.colourlovers.com/images/patterns/2730/2730014.png,4E2125 8AA58A 8AA58A D2DAC6 776051
GabsGiggles,2813809,http://static.colourlovers.com/images/patterns/2813/2813809.png,F4F5DE F18273 F2BD76 C4CEB0 4C3D31
Tzadkiel,2842780,http://static.colourlovers.com/images/patterns/2842/2842780.png,FBC599 CDBB93 9EAE8A F35F55 335650
GabsGiggles,2857023,http://static.colourlovers.com/images/patterns/2857/2857023.png,C8CFAE 9B5F7B 5C3E62 96B397 525574
surpriseice,2917682,http://static.colourlovers.com/images/patterns/2917/2917682.png,DAE5AB E9A385 FA154B 87313F 604E48
GabsGiggles,2920124,http://static.colourlovers.com/images/patterns/2920/2920124.png,E7BCB6 717F65 6FBCAA 78917E DFE2C3
GabsGiggles,2923843,http://static.colourlovers.com/images/patterns/2923/2923843.png,FFE8D5 7F5273 A3B2AB ECCABE FEADB6
GabsGiggles,3025501,http://static.colourlovers.com/images/patterns/3025/3025501.png,F8EAC8 988864 8DCCAD FEA6A2 FFCAB0
chelliebellie,3057371,http://static.colourlovers.com/images/patterns/3057/3057371.png,312B40 A2BCBD 575069 447684 FFFAE4
sugar!,313717,http://static.colourlovers.com/images/patterns/313/313717.png,08283A 075C64 539D84 9CBB8D D3CB91
Tzadkiel,3171278,http://static.colourlovers.com/images/patterns/3171/3171278.png,C5CFC6 F8EDD1 9D9D93 D88A8A 474843
sugar!,3239321,http://static.colourlovers.com/images/patterns/3239/3239321.png,F9CDAD FC9D9A C8C8A9 FE4365 83AF9B
sugar!,3241475,http://static.colourlovers.com/images/patterns/3241/3241475.png,DFECE6 92C7A3 215A6D 3CA2A2 2D2D29
sugar!,3242042,http://static.colourlovers.com/images/patterns/3242/3242042.png,CBBEBC 90A7BD 624D7B 7A7DA1 352A4B
sugar!,3258461,http://static.colourlovers.com/images/patterns/3258/3258461.png,DAE0CD B9D3C5 5C5362 34919A 73CBBA
sugar!,3262729,http://static.colourlovers.com/images/patterns/3262/3262729.png,C7DDBF D7D2B1 FD8782 F5A191 EEBCA2
sugar!,3300765,http://static.colourlovers.com/images/patterns/3300/3300765.png,CEBC9E AFB49A 3B2B5B 1B7588 71A194
sugar!,3314328,http://static.colourlovers.com/images/patterns/3314/3314328.png,DEE5CA C3D0C2 F68185 E09A99 CAB3AC
technicolorrr,34070,http://static.colourlovers.com/images/patterns/34/34070.png,B2C09B 220C33 223A53 447975 6D9B71
Tzadkiel,3493360,http://static.colourlovers.com/images/patterns/3493/3493360.png,F1E4BA F5C9AE EDA58D C1C3AD 97634D
miice,3694249,http://static.colourlovers.com/images/patterns/3694/3694249.png,F0A890 FFDEB6 F09090 C0A878 483018
Tzadkiel,3722857,http://static.colourlovers.com/images/patterns/3722/3722857.png,F8EDD1 C5CFC6 D88A8A 9D9D93 474843
sugar!,3746704,http://static.colourlovers.com/images/patterns/3746/3746704.png,FA9274 D1937D 5D8A8C A99485 80958A
chelliebellie,3977139,http://static.colourlovers.com/images/patterns/3977/3977139.png,D7DFE3 BAC6CB 84A6AF 747A8C 4F6F7C
technicolorrr,411252,http://static.colourlovers.com/images/patterns/411/411252.png,901818 180000 C06048 D8A878 C0A878
GabsGiggles,4167332,http://static.colourlovers.com/images/patterns/4167/4167332.png,F5B9A6 EBE3CA EBD4BC D4DBC1 BF927B
GabsGiggles,4427715,http://static.colourlovers.com/images/patterns/4427/4427715.png,CBC2A8 8F6767 BF7E95 D4AEA1 C2D1AE
technicolorrr,44538,http://static.colourlovers.com/images/patterns/44/44538.png,598B7B D5E8BD DBAE97 FF4D4F 291D40
GabsGiggles,4495048,http://static.colourlovers.com/images/patterns/4495/4495048.png,F7B89A EDCA9B E7DAAB E5E8BC C89E7C
GabsGiggles,4547143,http://static.colourlovers.com/images/patterns/4547/4547143.png,BCC3E8 F5D3D3 F2E1C4 EDEDE4 9B7F94
miice,465753,http://static.colourlovers.com/images/patterns/465/465753.png,ECD078 D95B43 C02942 542437 53777A
miice,465807,http://static.colourlovers.com/images/patterns/465/465807.png,300018 5A3D31 837B47 ADB85F E5EDB8
sugar!,4747653,http://static.colourlovers.com/images/patterns/4747/4747653.png,EFCEC4 B69592 5F4B55 F69599 FC6477
GabsGiggles,4773619,http://static.colourlovers.com/images/patterns/4773/4773619.png,D4C5D0 8488A0 F5D3D3 F2E1C4 EDEDE4
sugar!,491964,http://static.colourlovers.com/images/patterns/491/491964.png,EBECBF DFE19A D3DEA1 C6DBA8 ACD5B8
sugar!,499194,http://static.colourlovers.com/images/patterns/499/499194.png,F1E5A5 E60D44 FF8C56 FECC5A 7FD5AB
miice,499343,http://static.colourlovers.com/images/patterns/499/499343.png,F5E9F9 B9B694 F17E0E 891E25 0B0310
iambu,499961,http://static.colourlovers.com/images/patterns/499/499961.png,B1654B F79273 FDC08E FFF6B9 99D1B7
sugar!,500385,http://static.colourlovers.com/images/patterns/500/500385.png,F9CDAD FE4365 FC9D9A C8C8A9 83AF9B
sugar!,500391,http://static.colourlovers.com/images/patterns/500/500391.png,FE4365 FC9D9A F9CDAD C8C8A9 83AF9B
miice,500901,http://static.colourlovers.com/images/patterns/500/500901.png,E26200 151D1F F20019 FF7511 001E53
sugar!,502944,http://static.colourlovers.com/images/patterns/502/502944.png,FDE5D3 89B19C FD697F FBCDAC FAB2A2
sugar!,507874,http://static.colourlovers.com/images/patterns/507/507874.png,490A3D BD1550 E97F02 F8CA00 8A9B0F
sugar!,508005,http://static.colourlovers.com/images/patterns/508/508005.png,FE4365 FC9D9A F9CDAD C8C8A9 83AF9B
miice,512746,http://static.colourlovers.com/images/patterns/512/512746.png,0B2033 42D4D1 218185 26ABA9 184E5C
sugar!,515694,http://static.colourlovers.com/images/patterns/515/515694.png,F9CDAD FC9D9A FE4365 83AF9B C8C8A9
technicolorrr,53090,http://static.colourlovers.com/images/patterns/53/53090.png,A8C0A8 D8D8C0 90A8A8 907890 A8A890
shsh,534861,http://static.colourlovers.com/images/patterns/534/534861.png,442E2A D9BB4A D14439 77B588 D7E090
sugar!,535217,http://static.colourlovers.com/images/patterns/535/535217.png,18120E F9BAA1 ED3941 F89C8A 7CAA81
technicolorrr,53554,http://static.colourlovers.com/images/patterns/53/53554.png,904860 304860 C06060 487878 919C6D
miice,535637,http://static.colourlovers.com/images/patterns/535/535637.png,8EBB78 6A7F7A CE8D49 491A10 F2D15E
miice,536122,http://static.colourlovers.com/images/patterns/536/536122.png,506E10 04453E 9BA322 1E214A 0C030F
miice,538932,http://static.colourlovers.com/images/patterns/538/538932.png,FFFFFF 7890C0 296797 184890 2B2F6E
sugar!,547801,http://static.colourlovers.com/images/patterns/547/547801.png,FCE1B1 CBDDB1 9DD3B1 FCC0A4 FC9991
sugar!,556092,http://static.colourlovers.com/images/patterns/556/556092.png,674C6A A2628A DA779A E0A29B D0BCAA
sugar!,557803,http://static.colourlovers.com/images/patterns/557/557803.png,390B2A F5C68A AA104A F7972A 477E7A
technicolorrr,56019,http://static.colourlovers.com/images/patterns/56/56019.png,F01818 F0D8A8 F0A848 CFC786 72C9A7
miice,562122,http://static.colourlovers.com/images/patterns/562/562122.png,4F364A A3C68C 879676 6E6662 340735
sugar!,563018,http://static.colourlovers.com/images/patterns/563/563018.png,777B6A A38C7D FC7B7A D2967D F39C7A
miice,565144,http://static.colourlovers.com/images/patterns/565/565144.png,D3BB51 B58E43 E6D86D EFEF7D D8BC58
miice,577261,http://static.colourlovers.com/images/patterns/577/577261.png,8C6344 E0B654 F7634E D9CC92 ABB380
miice,580304,http://static.colourlovers.com/images/patterns/580/580304.png,4F2F2D A63B38 DB821E B8AE55 6C8C75
miice,584317,http://static.colourlovers.com/images/patterns/584/584317.png,262127 FFF1CE F6B398 63988E B4B08D
sugar!,618270,http://static.colourlovers.com/images/patterns/618/618270.png,390D2C E1EAB4 ACDEB5 EDAD9C FE4B73
sugar!,618274,http://static.colourlovers.com/images/patterns/618/618274.png,390D2A EDAD9A FE4B70 E1EAB0 ACDEB0
sugar!,619093,http://static.colourlovers.com/images/patterns/619/619093.png,D5BF8A C68A4A DAAC4A A8595A 94365D
sugar!,619135,http://static.colourlovers.com/images/patterns/619/619135.png,E9DFCB 54828D C2B4AA 00345D 0D131D
sugar!,619143,http://static.colourlovers.com/images/patterns/619/619143.png,0D1312 00345F 548287 C2B4AF EADAB0
miice,619599,http://static.colourlovers.com/images/patterns/619/619599.png,4D3339 D1C5A5 793A57 A38A5F 8C873E
technicolorrr,62035,http://static.colourlovers.com/images/patterns/62/62035.png,849C93 2D2A33 704B4B E3A07F DCF5B8
sugar!,622576,http://static.colourlovers.com/images/patterns/622/622576.png,0E091A 1A1528 2F3F4C 64716C 9A967A
sugar!,622577,http://static.colourlovers.com/images/patterns/622/622577.png,9A9671 647161 2F3F41 1C1722 0E0918
sugar!,622579,http://static.colourlovers.com/images/patterns/622/622579.png,9A9677 2F3F48 647167 1C1729 0E0918
sugar!,624015,http://static.colourlovers.com/images/patterns/624/624015.png,E9EACF F7B7AF FC537F 64B5BB B0DFBF
sugar!,624016,http://static.colourlovers.com/images/patterns/624/624016.png,E9EACA 64B5BA FC537A B0DFBA F7B7AA
sugar!,624058,http://static.colourlovers.com/images/patterns/624/624058.png,EFF1DF 9D708C A3C8BC FEDC8F F9868F
iambu,633760,http://static.colourlovers.com/images/patterns/633/633760.png,3D3D3D B8B674 FFCD7D FFAA21 FF7B57
sugar!,648955,http://static.colourlovers.com/images/patterns/648/648955.png,D98B3F D6523F BB365F 7E366F 43353F
technicolorrr,66693,http://static.colourlovers.com/images/patterns/66/66693.png,A87878 301818 903030 C0C0A8 F0D8C0
technicolorrr,68917,http://static.colourlovers.com/images/patterns/68/68917.png,6F9E95 E6E1D5 877E83 9E7878 AD7968
shsh,69435,http://static.colourlovers.com/images/patterns/69/69435.png,00475F D9DCC5 CFA612 858F73 77928F
sugar!,705901,http://static.colourlovers.com/images/patterns/705/705901.png,CFD27A 96AE6A 567D5A 40493C 2D191C
sugar!,707061,http://static.colourlovers.com/images/patterns/707/707061.png,41093B 11766A A40B5A E46F0B F0B30A
miice,715602,http://static.colourlovers.com/images/patterns/715/715602.png,66288B 265921 FF9034 FA5E2E 001043
technicolorrr,74466,http://static.colourlovers.com/images/patterns/74/74466.png,660026 220429 450D22 662D48 7F224F
technicolorrr,75422,http://static.colourlovers.com/images/patterns/75/75422.png,D87890 F0D8C0 D84878 D89090 C06078
miice,757960,http://static.colourlovers.com/images/patterns/757/757960.png,543A3C D33757 A5394C E66689 DC4160
miice,757985,http://static.colourlovers.com/images/patterns/757/757985.png,CDD474 D49393 BB6E6E EAEE73 A65151
miice,758018,http://static.colourlovers.com/images/patterns/758/758018.png,CC0000 990101 660000 330000
miice,760602,http://static.colourlovers.com/images/patterns/760/760602.png,1E1E44 8C004E C4574E FA8952 E0CFA7
miice,763441,http://static.colourlovers.com/images/patterns/763/763441.png,2B2B33 8D32FF C596FF B273FF A55DFC
miice,765624,http://static.colourlovers.com/images/patterns/765/765624.png,ECD078 D95B43 C02942 542437 53777A
miice,768102,http://static.colourlovers.com/images/patterns/768/768102.png,CFF09E A8DBA8 79BD9A 3B8686 0B486B
miice,779952,http://static.colourlovers.com/images/patterns/779/779952.png,3A4346 C5B961 FDEE95 F2856F E51B47
technicolorrr,78496,http://static.colourlovers.com/images/patterns/78/78496.png,769CA6 B3D1AB C4B787 C49787 9C8494
sugar!,789577,http://static.colourlovers.com/images/patterns/789/789577.png,E9E4C9 BDD7BC F4CCB1 F58C86 B1364C
eighthmuse,88194,http://static.colourlovers.com/images/patterns/88/88194.png,403634 524947 91B591 E3D9AF B0B882
shsh,89366,http://static.colourlovers.com/images/patterns/89/89366.png,D07E0E E9DEB0 2F615E 482C21 A73E2B
shsh,92819,http://static.colourlovers.com/images/patterns/92/92819.png,8B8B70 171B26 AF5F46 E66B53 EBBC8B
